-- Create inserts -------------------------------------------------

INSERT INTO Fazendeiro VALUES
 ('33.986.800/0001-82', 'João Lucas da Silva', 'joaolucasdasilva@gmail.com', 'senhamuitodificil'),
 ('82.299.569/0001-64', 'Maddy Thorson', 'maddythor@gmail.com', 'senhaforte123'),
 ('89.227.330/0001-28', 'Noel Berry', 'hohonoel@gmail.com', 'senhasuperforte'),
 ('35.078.448/0001-02', 'Pedro Medeiros', 'pedrinmed@gmail.com', 'senhamaisforteainda'),
 ('79.989.683/0001-01', 'Gabby DaRienzo', 'gabbyzinha@gmail.com', 'senhahipermegaultraforte'),
 ('01.126.773/0001-81', 'Amora Bettany', 'amorasempai@gmail.com', 'topsenha'),
 ('45.155.669/0001-90', 'Taylor Swift', 'taylorswift@gmail.com', 'meridithandolivia13'),
 ('26.044.921/0001-40', 'Harry Styles', 'harrystyles@gmail.com', 'euamoolouis7'),
 ('72.296.692/0001-78', 'Lorde', 'lorde@gmail.com', 'imnotadentist123'),
 ('82.578.921/0001-09', 'Sabrina Carpenter', 'sabrinacarpenter@gmail.com', 'odeiooliviarodrigo'),
 ('86.279.898/0001-02', 'Conan Gray', 'conangray@gmail.com', 'iwannadie'),
 ('47.735.933/0001-90', 'Clarice Lispector', 'clalispector@gmail.com', 'aguaviva123'),
 ('86.860.939/0001-41', 'Lygia Fagundes Telles', 'ligyaft@gmail.com', 'natalnabarca123'),
 ('34.349.807/0001-56', 'Ana Cristina César', 'anac@gmail.com', 'luvasdepelica123'),
 ('17.817.071/0001-84', 'Hilda Hilst', 'hildah@gmail.com', 'casadosol123'),
 ('39.790.432/0001-89', 'Patrícia Galvão', 'pagugal@gmail.com', 'parqueindustrial123');

INSERT INTO Patrimonio VALUES
 (DEFAULT, 'Cortador de grama', 'MAQUINA', 300, 'EM_POSSE', '33.986.800/0001-82'),
 (DEFAULT, 'Vaquinha Mimosa', 'ANIMAL', 700, 'EM_POSSE', '82.299.569/0001-64'),
 (DEFAULT, 'Colheitadeira de Grãos', 'MAQUINA', 300000, 'EM_POSSE', '01.126.773/0001-81'),
 (DEFAULT, 'Semeadora', 'VEICULO', 500000, 'ALUGADO', '35.078.448/0001-02'),
 (DEFAULT, 'Pulverizador', 'VEICULO', 200000, 'EM_MANUTENCAO', '82.299.569/0001-64'),
 (DEFAULT, 'Fazenda Pássaro Azul', 'TERRENO', 2500000, 'EM_POSSE', '79.989.683/0001-01'),
 (DEFAULT, 'Gato', 'ANIMAL', 500, 'EM_POSSE', '45.155.669/0001-90'),
 (DEFAULT, 'Esquadria', 'MAQUINA', 7000, 'EM_POSSE', '26.044.921/0001-40'),
 (DEFAULT, 'Descascador de milho', 'UTENSILIO', 25, 'VENDIDO', '72.296.692/0001-78'),
 (DEFAULT, 'Caminhote', 'VEICULO', 50000, 'EM_MANUTENCAO', '82.578.921/0001-09'),
 (DEFAULT, 'Lote Pedras de Minas', 'TERRENO', 2500000, 'EM_POSSE', '86.279.898/0001-02'),
 (DEFAULT, 'Roçadeira', 'MAQUINA', 500, 'ALUGADO', '86.860.939/0001-41'),
 (DEFAULT, 'Cavalo', 'ANIMAL', 8000, 'EM_POSSE', '47.735.933/0001-90'),
 (DEFAULT, 'Rastelo', 'UTENSILIO', 18, 'VENDIDO', '34.349.807/0001-56'),
 (DEFAULT, 'Trator', 'VEICULO', 130000, 'EM_MANUTENCAO', '17.817.071/0001-84'),
 (DEFAULT, 'Lote Vargem Alegre', 'TERRENO', 2500000, 'EM_POSSE', '39.790.432/0001-89');

INSERT INTO Tarefa VALUES
 (DEFAULT, 'Cortar a grama', NULL, '2023-6-14', '33.986.800/0001-82'),
 (DEFAULT, 'Dar comida para mimosa', 'Usar racao especial premium', '2023-12-25', '82.299.569/0001-64'),
 (DEFAULT, 'Semear trigo', NULL, '2023-10-24', '35.078.448/0001-02'),
 (DEFAULT, 'Capinar terra', NULL, '2023-9-4', '79.989.683/0001-01'),
 (DEFAULT, 'Colher safra uvas', NULL, '2023-11-20', '01.126.773/0001-81'),
 (DEFAULT, 'Colher safra bananas', 'Usar a cestinha nova', '2023-7-7', '01.126.773/0001-81'),
 (DEFAULT, 'Eliminar ratos', NULL, '2023-10-13', '45.155.669/0001-90'),
 (DEFAULT, 'Fechar vãos', NULL, '2020-2-17', '26.044.921/0001-40'),
 (DEFAULT, 'Descascar milho', NULL, '2019-5-4', '72.296.692/0001-78'),
 (DEFAULT, 'Transportar lenha', 'Buscar lenha na cidade', '2004-11-1', '82.578.921/0001-09'),
 (DEFAULT, 'Fazer o acero', 'Limpar o terreno', '2023-9-26', '86.279.898/0001-02'),
 (DEFAULT, 'Aparar o mato', NULL, '2023-8-13', '86.860.939/0001-41'),
 (DEFAULT, 'Puxar a carroça', NULL, '2020-9-17', '47.735.933/0001-90'),
 (DEFAULT, 'Rastelar a grama', NULL, '2019-5-4', '34.349.807/0001-56'),
 (DEFAULT, 'Tirar terra', 'Tirar a terra que caiu do barranco', '2004-11-1', '17.817.071/0001-84'),
 (DEFAULT, 'Fazer o acero', 'Limpar o terreno', '2023-9-26', '39.790.432/0001-89');

INSERT INTO Insumo VALUES
 (DEFAULT, 'Veneno para grama', 'Diminuir a grama', 50, 5),
 (DEFAULT, 'FARINHA DE OSSO AUTOCLAVADA', 'fertilizante organico com macro e micronutrientes', 41.52, 150),
 (DEFAULT, 'BLINDAGE TRICHODERMA', 'produto a base de propágulos de Trichoderma', 25, 10),
 (DEFAULT, 'BIOALQUIFISH', 'produto foliar à base de aminoácidos livres', 49.88, 200),
 (DEFAULT, 'MACROMIP MAX', 'combater do acaro-rajado', 275, 15),
 (DEFAULT, 'NEOMIP MAX', 'agente biologico de controle utilizado no controle do acaro-rajado', 95, 5),
 (DEFAULT, 'Veneno para rato', 'matar rato', 30, 80),
 (DEFAULT, 'Terra', 'Tampar buraco', 50, 300),
 (DEFAULT, 'Fertilizante', 'Fertilizar milho', 50, 5),
 (DEFAULT, 'Alcool', 'Ascender fogo', 100, 5),
 (DEFAULT, 'Vacina para febre aftosa', 'Vacinar o gado', 50, 5),
 (DEFAULT, 'Fertilizante NPK', 'Fertilizar solo', 10, 77),
 (DEFAULT, 'Sal', 'Alimentar o gado', 50, 670),
 (DEFAULT, 'Neguvon', 'Matar berne', 50, 5),
 (DEFAULT, 'Calcário', 'Regular pH do solo', 50, 5),
 (DEFAULT, 'Vacina para febre aftosa', 'Vacinar o gado', 50, 5);

INSERT INTO Produto VALUES
 (DEFAULT, 'Soja', NULL, 20, 50, '33.986.800/0001-82'),
 (DEFAULT, 'Uva vitoria', 'fruta colhida com muito carinho', 14, 300, '01.126.773/0001-81'),
 (DEFAULT, 'Banana prata', 'produzida com minimo impacto ambiental', 7, 400, '01.126.773/0001-81'),
 (DEFAULT, 'Laranja serra da agua', NULL, 9, 250, '35.078.448/0001-02'),
 (DEFAULT, 'Leite', 'produzido da grande mimosa', 10, 500, '82.299.569/0001-64'),
 (DEFAULT, 'Queijo', 'direto de minas', 20, 200, '82.299.569/0001-64'),
 (DEFAULT, 'Milho', NULL, 20, 50, '45.155.669/0001-90'),
 (DEFAULT, 'Trigo', NULL, 20, 50, '26.044.921/0001-40'),
 (DEFAULT, 'Ovo', 'NULL', 20, 50, '72.296.692/0001-78'),
 (DEFAULT, 'Leite', NULL, 20, 50, '82.578.921/0001-09'),
 (DEFAULT, 'Cana de açúcar', NULL, 20, 50, '86.279.898/0001-02'),
 (DEFAULT, 'Arroz', NULL, 20, 50, '86.860.939/0001-41'),
 (DEFAULT, 'Mexerica', NULL, 20, 50, '47.735.933/0001-90'),
 (DEFAULT, 'Braquiara', 'Alimentar o gado', 20, 50, '34.349.807/0001-56'),
 (DEFAULT, 'Mandioca', NULL, 20, 50, '17.817.071/0001-84'),
 (DEFAULT, 'Café', NULL, 20, 50, '39.790.432/0001-89');

INSERT INTO Comprador VALUES
 ('54.303.162/0001-28', 'Maria Júlia dos Santos'),
 ('68.933.089/0001-82', 'Ari Gibson'),
 ('50.720.591/0001-40', 'William Pellen'),
 ('35.509.777/0001-60', 'David Kazi'),
 ('09.712.477/0001-74', 'Christopher Larkin'),
 ('36.135.970/0001-41', 'Team Cherry'),
 ('68.123.860/0001-56', 'Selena Gomez'),
 ('08.608.844/0001-21', 'Louis Tomlinson'),
 ('21.320.953/0001-07', 'James Corden'),
 ('84.999.354/0001-81', 'Josh Basenett'),
 ('87.448.177/0001-33', 'Olivia Rodrigo'),
 ('22.029.210/0001-45', 'Joaquim Gomes Maia'),
 ('37.540.464/0001-09', 'Jose Zamiro'),
 ('96.388.651/0001-70', 'Maurilio Gonçalves'),
 ('46.149.889/0001-74', 'Maria das Merces'),
 ('70.884.224/0001-99', 'Auzira Maia');

INSERT INTO Telefone VALUES
 (DEFAULT, '(31) 99189-9248', '54.303.162/0001-28'),
 (DEFAULT, '(95) 2600-4374', '68.933.089/0001-82'),
 (DEFAULT, '(67) 3623-2530', '50.720.591/0001-40'),
 (DEFAULT, '(61) 2592-1587', '35.509.777/0001-60'),
 (DEFAULT, '(53) 3242-5245', '09.712.477/0001-74'),
 (DEFAULT, '(38) 2181-1278', '36.135.970/0001-41'),
 (DEFAULT, '(31) 3257-1283', '68.123.860/0001-56'),
 (DEFAULT, '(31) 93876-4455', '08.608.844/0001-21'),
 (DEFAULT, '(35) 95624-0085', '21.320.953/0001-07'),
 (DEFAULT, '(35) 94954-7754', '84.999.354/0001-81'),
 (DEFAULT, '(31) 94588-4432', '87.448.177/0001-33'),
 (DEFAULT, '(31) 3256-2233', '22.029.210/0001-45'),
 (DEFAULT, '(31) 93875-6655', '37.540.464/0001-09'),
 (DEFAULT, '(35) 95674-7685', '96.388.651/0001-70'),
 (DEFAULT, '(35) 92354-6654', '46.149.889/0001-74'),
 (DEFAULT, '(31) 94554-4332', '70.884.224/0001-99');

INSERT INTO Utiliza VALUES
 (2, 13, 2),
 (3, 9, 1),
 (7, 7, 3),
 (12, 12, 1),
 (4, 14, 1),
 (16, 5, 2),
 (13, 8, 5),
 (10, 1, 2),
 (8, 8, 1),
 (11, 4, 2),
 (1, 1, 1);

INSERT INTO Venda VALUES
 (1, '54.303.162/0001-28', 100, '2023-6-14', 'DINHEIRO', 5),
 (1, '36.135.970/0001-41', 4000, '2023-5-20', 'CARTAO_CREDITO', 200),
 (2, '36.135.970/0001-41', 1680, '2023-1-3', 'CARTAO_CREDITO', 120),
 (3, '50.720.591/0001-40', 420, '2023-4-12', 'PIX', 60),
 (4, '35.509.777/0001-60', 90, '2023-2-23', 'BOLETO', 10),
 (5, '68.933.089/0001-82', 600, '2023-1-29', 'CARTAO_DEBITO', 60),
 (5, '08.608.844/0001-21', 1900, '2022-11-8', 'CARTAO_DEBITO', 190),
 (6, '08.608.844/0001-21', 2000, '2022-11-8', 'CARTAO_DEBITO', 100),
 (7, '22.029.210/0001-45', 1000, '2021-08-14', 'BOLETO', 50),
 (8, '68.123.860/0001-56', 240, '2023-1-28', 'CARTAO_CREDITO', 12),
 (8, '08.608.844/0001-21', 600, '2022-5-8', 'CARTAO_DEBITO', 30),
 (9, '08.608.844/0001-21', 160, '2022-10-8', 'DINHEIRO', 8),
 (10, '96.388.651/0001-70', 120, '2023-1-8', 'CARTAO_CREDITO', 6),
 (10, '70.884.224/0001-99', 140, '2023-2-8', 'CARTAO_CREDITO', 7),
 (11, '46.149.889/0001-74', 500, '2022-11-18', 'PIX', 25),
 (12, '87.448.177/0001-33', 200, '2023-6-5', 'BOLETO', 10),
 (13, '70.884.224/0001-99', 160, '2022-11-9', 'PIX', 8),
 (14, '37.540.464/0001-09', 1000, '2023-1-8', 'DINHEIRO', 50),
 (14, '09.712.477/0001-74', 300, '2023-4-7', 'DINHEIRO', 15),
 (15, '21.320.953/0001-07', 200, '2022-5-15', 'CARTAO_CREDITO', 10),
 (16, '21.320.953/0001-07', 1000, '2022-12-30', 'CARTAO_DEBITO', 50);